{"cameraMode":{"drawMode":0,"name":"Shaded","section":"Shading Mode"},"sceneLighting":true,"audioPlay":false,"sceneViewState":{"showFog":true,"showMaterialUpdate":false,"showSkybox":true,"showFlares":true,"showImageEffects":true,"showParticleSystems":true},"in2DMode":false,"pivot":{"x":-2.3247592449188234,"y":2.2987961769104006,"z":1.823769450187683},"rotation":{"x":-0.15615855157375337,"y":-0.8487728834152222,"z":-0.32349488139152529,"w":0.38802552223205569},"size":9.17070484161377,"orthographic":true}