{"cameraMode":{"drawMode":0,"name":"Shaded","section":"Shading Mode"},"sceneLighting":false,"audioPlay":false,"sceneViewState":{"showFog":true,"showMaterialUpdate":false,"showSkybox":false,"showFlares":true,"showImageEffects":true,"showParticleSystems":true},"in2DMode":false,"pivot":{"x":-16376.9150390625,"y":-15370.4384765625,"z":-2876.269287109375},"rotation":{"x":-0.19552910327911378,"y":-0.011182483285665512,"z":0.002229639096185565,"w":-0.9806322455406189},"size":22.620189666748048,"orthographic":false}