{"cameraMode":{"drawMode":0,"name":"Shaded","section":"Shading Mode"},"sceneLighting":true,"audioPlay":false,"sceneViewState":{"showFog":true,"showMaterialUpdate":false,"showSkybox":true,"showFlares":true,"showImageEffects":true,"showParticleSystems":true},"in2DMode":false,"pivot":{"x":0.04321923851966858,"y":0.8817920684814453,"z":0.010122150182723999},"rotation":{"x":-0.11276710033416748,"y":0.8343589901924133,"z":-0.1856989562511444,"w":-0.5066277384757996},"size":6.822842597961426,"orthographic":true}