{"cameraMode":{"drawMode":0,"name":"Shaded","section":"Shading Mode"},"sceneLighting":false,"audioPlay":false,"sceneViewState":{"showFog":true,"showMaterialUpdate":false,"showSkybox":false,"showFlares":true,"showImageEffects":true,"showParticleSystems":true},"in2DMode":false,"pivot":{"x":-0.006424456834793091,"y":0.5650268793106079,"z":1.8371608257293702},"rotation":{"x":0.01328909583389759,"y":0.6492946743965149,"z":0.011348381638526917,"w":-0.7603363990783691},"size":3.012399435043335,"orthographic":true}